{"cameraMode":{"drawMode":0,"name":"Shaded","section":"Shading Mode"},"sceneLighting":false,"audioPlay":false,"sceneViewState":{"showFog":true,"showMaterialUpdate":false,"showSkybox":false,"showFlares":true,"showImageEffects":true,"showParticleSystems":true},"in2DMode":false,"pivot":{"x":9.763213157653809,"y":0.6497955322265625,"z":-0.045739173889160159},"rotation":{"x":0.1863768994808197,"y":-0.016801021993160249,"z":0.003188203787431121,"w":0.9823336005210877},"size":1.8293373584747315,"orthographic":false}